client-date,styles_orderId__9auMd,styles_orderTotal__W2t1h,styles_orderStatusContentMessage__mXOb7,kib-product-title__text,styles_itemContentTitleName__vouPu,kib-product-price__dollars,kib-product-price__cents,kib-product-title__text 2,styles_itemContentTitleName__vouPu 2,kib-product-price__dollars 2,kib-product-price__cents 2
"May 22, 2026",5190210441,$56.47,"Delivered - Tue, May 26",Purina ONE,"Indoor Advantage Chicken Recipe Dry Cat Food, 16-lb bag",38,48,Frisco,"Multi-Cat Unscented Clumping Clay Cat Litter, 40-lb bag",17,99
"Jun 3, 2026",5191877002,$31.16,"Delivered - Sat, Jun 6",Fancy Feast,"Classic Pate Variety Pack Canned Cat Food, 3-oz can, case of 24",24,48,Frisco,Wand Feather Teaser Cat Toy,6,68
"Jun 19, 2026",5193430118,$31.97,"Delivered - Mon, Jun 22",Frisco,"Multi-Cat Unscented Clumping Clay Cat Litter, 40-lb bag",17,99,Inaba,"Churu Chicken Variety Lickable Cat Treats, 20 count",13,98
"Jul 7, 2026",5195102271,$47.46,"Delivered - Fri, Jul 10",Purina ONE,"Indoor Advantage Chicken Recipe Dry Cat Food, 16-lb bag",38,48,Temptations,"Classic Tasty Chicken Flavor Cat Treats, 16-oz tub",8,98
"Jul 15, 2026",5195866309,$42.47,"Delivered - Sat, Jul 18",Fancy Feast,"Classic Pate Variety Pack Canned Cat Food, 3-oz can, case of 24",24,48,Frisco,"Multi-Cat Unscented Clumping Clay Cat Litter, 40-lb bag",17,99
"Jul 29, 2026",5197013774,$46.48,"Delivered - Sat, Aug 1",Frisco,Cardboard Cat Scratcher with Catnip,11,49,Frontline,"Plus Flea & Tick Spot Treatment for Cats, 3 doses",34,99
"Aug 7, 2026",5198126641,$45.80,"Delivered - Mon, Aug 10",Purina ONE,"Indoor Advantage Chicken Recipe Dry Cat Food, 16-lb bag",38,48,Frisco,"Multi-Cat Unscented Clumping Clay Cat Litter, 40-lb bag",17,99
"Aug 18, 2026",5199044310,$24.48,"Delivered - Fri, Aug 21",Fancy Feast,"Classic Pate Variety Pack Canned Cat Food, 3-oz can, case of 24",24,48,,,,
"Aug 30, 2026",5200231855,$31.97,"Delivered - Wed, Sep 2",Frisco,"Multi-Cat Unscented Clumping Clay Cat Litter, 40-lb bag",17,99,Inaba,"Churu Chicken Variety Lickable Cat Treats, 20 count",13,98
