Transaction Date,Post Date,Description,Category,Type,Amount,Memo
08/01/2026,08/02/2026,LYFT *RIDE SAT 2PM,Travel,Sale,-12.03,
08/01/2026,08/02/2026,AMTRAK .COM,Travel,Sale,-88.00,
07/31/2026,08/02/2026,RIVERSIDE QUICK STOP,Groceries,Sale,-4.35,
07/31/2026,08/02/2026,FOURTH STREET MARKET,Groceries,Sale,-5.35,
07/30/2026,08/01/2026,MINT MOBILE,Bills & Utilities,Sale,-30.00,
07/30/2026,08/01/2026,CAFE LUMEN,Food & Drink,Sale,-4.23,
07/30/2026,08/01/2026,BLUE LINE SNACKS,Groceries,Sale,-2.34,
07/30/2026,08/02/2026,ALDI 71034,Groceries,Sale,-29.37,
07/29/2026,07/30/2026,TARGET 00028215,Shopping,Sale,-36.33,
07/29/2026,07/31/2026,TARGET 00028215,Shopping,Sale,-23.93,
07/29/2026,07/30/2026,RIVERSIDE QUICK STOP,Groceries,Sale,-5.44,
07/29/2026,08/01/2026,CHEWY.COM,Shopping,Sale,-44.16,
07/28/2026,07/29/2026,FOURTH STREET MARKET,Groceries,Sale,-5.35,
07/27/2026,07/30/2026,ALDI 71034,Groceries,Sale,-22.71,
07/26/2026,07/28/2026,TARGET 00028215,Shopping,Sale,-52.64,
07/26/2026,07/28/2026,RIVERSIDE CINEMA,Entertainment,Sale,-12.97,
07/26/2026,07/28/2026,FOURTH STREET MARKET,Groceries,Sale,-5.35,
07/26/2026,07/27/2026,FOURTH STREET MARKET,Groceries,Sale,-5.35,
07/25/2026,07/28/2026,LAKEVIEW TRANSIT AUTH,Travel,Sale,-2.75,
07/25/2026,07/26/2026,LAKEVIEW TRANSIT AUTH,Travel,Sale,-2.75,
07/24/2026,07/26/2026,KROGER #445,Groceries,Sale,-36.98,
07/23/2026,07/24/2026,FOURTH STREET MARKET,Groceries,Sale,-3.48,
07/23/2026,07/26/2026,BLUE LINE SNACKS,Groceries,Sale,-4.91,
07/22/2026,07/24/2026,NORTHGATE EXPRESS MART,Groceries,Sale,-3.60,
07/22/2026,07/23/2026,NETFLIX.COM,Entertainment,Sale,-17.99,
07/22/2026,07/24/2026,FOURTH STREET MARKET,Groceries,Sale,-5.35,
07/22/2026,07/24/2026,CAFE LUMEN,Food & Drink,Sale,-5.54,
07/22/2026,07/24/2026,ALDI 71034,Groceries,Sale,-20.28,
07/21/2026,07/22/2026,SUNRISE BODEGA,Groceries,Sale,-7.01,
07/21/2026,07/23/2026,LAKEVIEW DENTAL GROUP,Health & Wellness,Sale,-100.00,
07/21/2026,07/23/2026,FOURTH STREET MARKET,Groceries,Sale,-3.48,
07/20/2026,07/21/2026,ELM & 9TH CONVENIENCE,Groceries,Sale,-5.73,
07/19/2026,07/21/2026,PELOTON APP,Entertainment,Sale,-12.99,
07/19/2026,07/20/2026,FOURTH STREET MARKET,Groceries,Sale,-3.48,
07/19/2026,07/21/2026,FOURTH STREET MARKET,Groceries,Sale,-5.62,
07/19/2026,07/22/2026,ELM & 9TH CONVENIENCE,Groceries,Sale,-2.95,
07/19/2026,07/21/2026,BLUE LINE SNACKS,Groceries,Sale,-2.79,
07/18/2026,07/20/2026,NORTHGATE EXPRESS MART,Groceries,Sale,-5.88,
07/17/2026,07/20/2026,SUNRISE BODEGA,Groceries,Sale,-5.40,
07/17/2026,07/19/2026,RIVERSIDE QUICK STOP,Groceries,Sale,-5.06,
07/17/2026,07/18/2026,RIVERSIDE QUICK STOP,Groceries,Sale,-7.22,
07/17/2026,07/18/2026,LAKEVIEW TRANSIT AUTH,Travel,Sale,-2.75,
07/17/2026,07/18/2026,LAKEVIEW TRANSIT AUTH,Travel,Sale,-2.75,
07/17/2026,07/18/2026,BLUE LINE SNACKS,Groceries,Sale,-2.57,
07/17/2026,07/19/2026,BLUE LINE SNACKS,Groceries,Sale,-4.54,
07/16/2026,07/19/2026,FOURTH STREET MARKET,Groceries,Sale,-1.61,
07/16/2026,07/16/2026,AUTOMATIC PAYMENT - THANK,,Payment,1740.47,
07/15/2026,07/16/2026,STARBUCKS #22910,Food & Drink,Sale,-5.38,
07/15/2026,07/17/2026,FOURTH STREET MARKET,Groceries,Sale,-1.61,
07/15/2026,07/16/2026,CORNER BOOKS LAKEVIEW,Entertainment,Sale,-13.24,
07/15/2026,07/17/2026,CHEWY.COM,Shopping,Sale,-27.61,
07/14/2026,07/17/2026,SUNRISE BODEGA,Groceries,Sale,-6.50,
07/14/2026,07/15/2026,SPOTIFY USA,Entertainment,Sale,-11.99,
07/14/2026,07/15/2026,LAKEVIEW TRANSIT AUTH,Travel,Sale,-2.75,
07/14/2026,07/16/2026,LAKEVIEW TRANSIT AUTH,Travel,Sale,-2.75,
07/14/2026,07/15/2026,FOURTH STREET MARKET,Groceries,Sale,-3.48,
07/14/2026,07/16/2026,BLUE LINE SNACKS,Groceries,Sale,-2.79,
07/13/2026,07/15/2026,TRADER JOE'S #712,Groceries,Sale,-34.85,
07/13/2026,07/15/2026,RIVERSIDE QUICK STOP,Groceries,Sale,-6.39,
07/13/2026,07/15/2026,FOURTH STREET MARKET,Groceries,Sale,-5.35,
07/13/2026,07/15/2026,FOURTH STREET MARKET,Groceries,Sale,-5.35,
07/13/2026,07/15/2026,FOURTH STREET MARKET,Groceries,Sale,-3.48,
07/13/2026,07/14/2026,FOURTH STREET MARKET,Groceries,Sale,-3.48,
07/12/2026,07/15/2026,AMC THEATRES #2255,Entertainment,Sale,-14.51,
07/11/2026,07/13/2026,LAKEVIEW TRANSIT AUTH,Travel,Sale,-2.75,
07/11/2026,07/13/2026,LAKEVIEW TRANSIT AUTH,Travel,Sale,-2.75,
07/11/2026,07/13/2026,GOODWILL LAKEVIEW,Shopping,Sale,-10.20,
07/11/2026,07/12/2026,FOURTH STREET MARKET,Groceries,Sale,-3.48,
07/11/2026,07/12/2026,ELM & 9TH CONVENIENCE,Groceries,Sale,-7.52,
07/11/2026,07/12/2026,CORNER BOOKS LAKEVIEW,Entertainment,Sale,-10.92,
07/09/2026,07/10/2026,FOURTH STREET MARKET,Groceries,Sale,-3.48,
07/07/2026,07/08/2026,LYFT *RIDE FRI 11PM,Travel,Sale,-18.19,
07/07/2026,07/08/2026,GOLDEN WOK,Food & Drink,Sale,-13.86,
07/07/2026,07/09/2026,CHEWY.COM,Shopping,Sale,-40.12,
07/06/2026,07/07/2026,TRADER JOE'S #712,Groceries,Sale,-24.76,
07/05/2026,07/06/2026,RIVERSIDE QUICK STOP,Groceries,Sale,-2.56,
07/04/2026,07/05/2026,LAKEVIEW FARMERS MARKET,Groceries,Sale,-15.20,
07/04/2026,07/06/2026,FOURTH STREET MARKET,Groceries,Sale,-5.35,
07/04/2026,07/06/2026,CHIPOTLE 2291,Food & Drink,Sale,-12.73,
07/03/2026,07/05/2026,SUNFIRE TAQUERIA,Food & Drink,Sale,-20.61,
07/03/2026,07/05/2026,FOURTH STREET MARKET,Groceries,Sale,-3.48,
07/03/2026,07/05/2026,CORNER BOOKS LAKEVIEW,Entertainment,Sale,-12.80,
07/02/2026,07/03/2026,TARGET 00028215,Shopping,Return,24.99,
07/02/2026,07/04/2026,ALDI 71034,Groceries,Sale,-24.92,
07/01/2026,07/02/2026,CVS/PHARMACY #8812,Health & Wellness,Sale,-17.40,
06/30/2026,07/01/2026,MINT MOBILE,Bills & Utilities,Sale,-30.00,
06/30/2026,07/02/2026,FOURTH STREET MARKET,Groceries,Sale,-6.96,
06/30/2026,07/01/2026,ELM & 9TH CONVENIENCE,Groceries,Sale,-4.29,
06/29/2026,07/01/2026,STARBUCKS #22910,Food & Drink,Sale,-6.73,
06/29/2026,06/30/2026,KROGER #445,Groceries,Sale,-31.89,
06/28/2026,06/29/2026,RIVERSIDE QUICK STOP,Groceries,Sale,-7.33,
06/27/2026,06/30/2026,STARBUCKS #22910,Food & Drink,Sale,-5.94,
06/27/2026,06/30/2026,RIVERSIDE QUICK STOP,Groceries,Sale,-4.04,
06/27/2026,06/28/2026,FOURTH STREET MARKET,Groceries,Sale,-5.35,
06/27/2026,06/28/2026,BLUE LINE SNACKS,Groceries,Sale,-2.19,
06/26/2026,06/27/2026,TRADER JOE'S #712,Groceries,Sale,-28.40,
06/26/2026,06/28/2026,SUNFIRE TAQUERIA,Food & Drink,Sale,-19.49,
06/26/2026,06/28/2026,ALDI 71034,Groceries,Sale,-18.96,
06/25/2026,06/27/2026,TARGET 00028215,Shopping,Sale,-48.84,
06/25/2026,06/26/2026,AMC THEATRES #2255,Entertainment,Sale,-15.30,
06/24/2026,06/25/2026,WENDY'S #4471,Food & Drink,Sale,-10.60,
06/22/2026,06/24/2026,NETFLIX.COM,Entertainment,Sale,-17.99,
06/22/2026,06/25/2026,BLUE LINE SNACKS,Groceries,Sale,-5.08,
06/21/2026,06/23/2026,TARGET 00028215,Shopping,Sale,-101.05,
06/21/2026,06/22/2026,FOURTH STREET MARKET,Groceries,Sale,-3.48,
06/20/2026,06/21/2026,SUNRISE BODEGA,Groceries,Sale,-6.55,
06/20/2026,06/22/2026,SHELL OIL 57442,Gas,Sale,-20.71,
06/20/2026,06/22/2026,KROGER #445,Groceries,Sale,-26.55,
06/20/2026,06/23/2026,FOURTH STREET MARKET,Groceries,Sale,-5.35,
06/19/2026,06/21/2026,PELOTON APP,Entertainment,Sale,-12.99,
06/19/2026,06/20/2026,FOURTH STREET MARKET,Groceries,Sale,-1.87,
06/19/2026,06/22/2026,CHIPOTLE 2291,Food & Drink,Sale,-13.10,
06/19/2026,06/20/2026,CHEWY.COM,Shopping,Sale,-26.97,
06/18/2026,06/20/2026,RIVERSIDE QUICK STOP,Groceries,Sale,-6.40,
06/18/2026,06/20/2026,FOURTH STREET MARKET,Groceries,Sale,-5.35,
06/18/2026,06/19/2026,FOURTH STREET MARKET,Groceries,Sale,-5.35,
06/18/2026,06/19/2026,BLUE LINE SNACKS,Groceries,Sale,-2.12,
06/17/2026,06/18/2026,TRADER JOE'S #712,Groceries,Sale,-33.97,
06/16/2026,06/17/2026,RIVERSIDE QUICK STOP,Groceries,Sale,-2.86,
06/16/2026,06/17/2026,GOLDEN WOK,Food & Drink,Sale,-12.23,
06/16/2026,06/16/2026,AUTOMATIC PAYMENT - THANK,,Payment,300.53,
06/15/2026,06/16/2026,KROGER #445,Groceries,Sale,-24.77,
06/15/2026,06/17/2026,ELM & 9TH CONVENIENCE,Groceries,Sale,-3.52,
06/15/2026,06/16/2026,ELM & 9TH CONVENIENCE,Groceries,Sale,-8.19,
06/14/2026,06/15/2026,WWW COSTCO COM,Shopping,Sale,-631.46,
06/14/2026,06/16/2026,WENDY'S #4471,Food & Drink,Sale,-7.01,
06/14/2026,06/17/2026,SPOTIFY USA,Entertainment,Sale,-11.99,
06/14/2026,06/15/2026,RIVERSIDE QUICK STOP,Groceries,Sale,-3.53,
06/13/2026,06/14/2026,NORTHGATE EXPRESS MART,Groceries,Sale,-7.24,
06/13/2026,06/16/2026,FOURTH STREET MARKET,Groceries,Sale,-3.48,
06/13/2026,06/15/2026,CORNER BOOKS LAKEVIEW,Entertainment,Sale,-19.94,
06/12/2026,06/13/2026,RIVERSIDE QUICK STOP,Groceries,Sale,-4.04,
06/12/2026,06/13/2026,FOURTH STREET MARKET,Groceries,Sale,-5.35,
06/11/2026,06/13/2026,FOURTH STREET MARKET,Groceries,Sale,-5.35,
06/11/2026,06/13/2026,FOURTH STREET MARKET,Groceries,Sale,-3.48,
06/11/2026,06/12/2026,ALDI 71034,Groceries,Sale,-14.64,
06/10/2026,06/12/2026,TRADER JOE'S #712,Groceries,Sale,-20.18,
06/09/2026,06/10/2026,WALGREENS #3310,Health & Wellness,Sale,-12.55,
06/09/2026,06/10/2026,RIVERSIDE QUICK STOP,Groceries,Sale,-6.85,
06/09/2026,06/10/2026,LAKEVIEW GAS & GO,Groceries,Sale,-4.99,
06/08/2026,06/10/2026,KROGER #445,Groceries,Sale,-23.75,
06/08/2026,06/09/2026,KROGER #445,Groceries,Sale,-23.70,
06/08/2026,06/09/2026,BLUE LINE SNACKS,Groceries,Sale,-2.65,
06/07/2026,06/09/2026,RIVERSIDE QUICK STOP,Groceries,Sale,-5.88,
06/07/2026,06/09/2026,LAKEVIEW GAS & GO,Groceries,Sale,-6.61,
06/06/2026,06/08/2026,FOURTH STREET MARKET,Groceries,Sale,-3.48,
06/06/2026,06/08/2026,FOURTH STREET MARKET,Groceries,Sale,-5.35,
06/05/2026,06/06/2026,LAKEVIEW PARKING,Travel,Sale,-7.37,
06/05/2026,06/07/2026,FOURTH STREET MARKET,Groceries,Sale,-1.87,
06/05/2026,06/06/2026,FOURTH STREET MARKET,Groceries,Sale,-5.35,
06/05/2026,06/07/2026,CVS/PHARMACY #8812,Health & Wellness,Sale,-24.57,
06/05/2026,06/07/2026,CORNER BOOKS LAKEVIEW,Entertainment,Sale,-19.44,
06/04/2026,06/05/2026,GOLDEN WOK,Food & Drink,Sale,-15.60,
06/03/2026,06/05/2026,KROGER #445,Groceries,Sale,-45.38,
06/03/2026,06/04/2026,CORNER BOOKS LAKEVIEW,Entertainment,Sale,-13.75,
06/03/2026,06/05/2026,CHEWY.COM,Shopping,Sale,-31.16,
06/03/2026,06/04/2026,BANDCAMP,Entertainment,Sale,-6.72,
06/02/2026,06/04/2026,FOURTH STREET MARKET,Groceries,Sale,-6.96,
06/02/2026,06/03/2026,FOURTH STREET MARKET,Groceries,Sale,-5.35,
06/01/2026,06/02/2026,LAKEVIEW PHO HOUSE,Food & Drink,Sale,-17.96,
06/01/2026,06/02/2026,FOURTH STREET MARKET,Groceries,Sale,-3.48,
05/31/2026,06/01/2026,FOURTH STREET MARKET,Groceries,Sale,-1.87,
05/31/2026,06/01/2026,FOURTH STREET MARKET,Groceries,Sale,-6.96,
05/31/2026,06/02/2026,FOURTH STREET MARKET,Groceries,Sale,-5.62,
05/30/2026,06/02/2026,MINT MOBILE,Bills & Utilities,Sale,-30.00,
05/29/2026,05/31/2026,CAFE LUMEN,Food & Drink,Sale,-4.85,
05/28/2026,05/29/2026,FOURTH STREET MARKET,Groceries,Sale,-5.35,
05/27/2026,05/28/2026,FOURTH STREET MARKET,Groceries,Sale,-5.62,
05/27/2026,05/29/2026,FOURTH STREET MARKET,Groceries,Sale,-1.87,
05/27/2026,05/28/2026,FOURTH STREET MARKET,Groceries,Sale,-3.48,
05/27/2026,05/28/2026,CHIPOTLE 2291,Food & Drink,Sale,-13.68,
05/27/2026,05/28/2026,BLUE LINE SNACKS,Groceries,Sale,-5.38,
05/26/2026,05/27/2026,LAKEVIEW PHO HOUSE,Food & Drink,Sale,-18.95,
05/26/2026,05/29/2026,LAKEVIEW GAS & GO,Groceries,Sale,-8.40,
05/26/2026,05/27/2026,FOURTH STREET MARKET,Groceries,Sale,-5.35,
05/25/2026,05/26/2026,LAKEVIEW PARKING,Travel,Sale,-7.30,
05/25/2026,05/27/2026,KROGER #445,Groceries,Sale,-28.36,
05/24/2026,05/25/2026,RIVERSIDE QUICK STOP,Groceries,Sale,-4.48,
05/24/2026,05/25/2026,LAKEVIEW TRANSIT AUTH,Travel,Sale,-2.75,
05/24/2026,05/25/2026,LAKEVIEW TRANSIT AUTH,Travel,Sale,-2.75,
05/24/2026,05/25/2026,IKEA COLUMBUS,Home,Sale,-118.48,
05/24/2026,05/26/2026,FOURTH STREET MARKET,Groceries,Sale,-5.35,
05/23/2026,05/25/2026,LYFT *RIDE SUN 1PM,Travel,Sale,-11.85,
05/23/2026,05/24/2026,LYFT *RIDE FRI 11PM,Travel,Sale,-14.07,
05/23/2026,05/25/2026,FOURTH STREET MARKET,Groceries,Sale,-5.35,
05/22/2026,05/23/2026,TRADER JOE'S #712,Groceries,Sale,-27.04,
05/22/2026,05/23/2026,RIVERSIDE CINEMA,Entertainment,Sale,-16.59,
05/22/2026,05/24/2026,NETFLIX.COM,Entertainment,Sale,-17.99,
05/22/2026,05/24/2026,KROGER #445,Groceries,Sale,-24.31,
05/22/2026,05/23/2026,FOURTH STREET MARKET,Groceries,Sale,-3.48,
05/22/2026,05/23/2026,CHEWY.COM,Shopping,Sale,-44.83,
05/21/2026,05/22/2026,TRADER JOE'S #712,Groceries,Sale,-43.20,
05/21/2026,05/22/2026,CVS/PHARMACY #8812,Health & Wellness,Sale,-20.33,
05/21/2026,05/22/2026,CHIPOTLE 2291,Food & Drink,Sale,-14.90,
05/20/2026,05/21/2026,FOURTH STREET MARKET,Groceries,Sale,-5.35,
05/20/2026,05/21/2026,CAFE LUMEN,Food & Drink,Sale,-6.18,
05/19/2026,05/20/2026,STARBUCKS #22910,Food & Drink,Sale,-6.36,
05/19/2026,05/21/2026,RIVERSIDE QUICK STOP,Groceries,Sale,-5.75,
05/19/2026,05/20/2026,PELOTON APP,Entertainment,Sale,-12.99,
05/19/2026,05/20/2026,FOURTH STREET MARKET,Groceries,Sale,-3.48,
05/19/2026,05/20/2026,AMC THEATRES #2255,Entertainment,Sale,-19.21,
05/18/2026,05/21/2026,FOURTH STREET MARKET,Groceries,Sale,-5.35,
05/16/2026,05/16/2026,AUTOMATIC PAYMENT - THANK,,Payment,122.17,
05/15/2026,05/17/2026,WENDY'S #4471,Food & Drink,Sale,-7.76,
05/14/2026,05/15/2026,SUNRISE BODEGA,Groceries,Sale,-11.07,
05/14/2026,05/16/2026,SPOTIFY USA,Entertainment,Sale,-11.99,
05/13/2026,05/15/2026,FOURTH STREET MARKET,Groceries,Sale,-5.35,
05/09/2026,05/10/2026,RIVERSIDE QUICK STOP,Groceries,Sale,-5.04,
05/07/2026,05/08/2026,ALDI 71034,Groceries,Sale,-25.89,
05/05/2026,05/06/2026,NORTHGATE EXPRESS MART,Groceries,Sale,-8.22,
05/03/2026,05/05/2026,NORTHGATE EXPRESS MART,Groceries,Sale,-5.77,
05/02/2026,05/03/2026,CITY MUSEUM OF ART,Entertainment,Sale,-21.00,
04/30/2026,05/01/2026,MINT MOBILE,Bills & Utilities,Sale,-30.00,
04/30/2026,05/02/2026,KROGER #445,Groceries,Sale,-39.89,
04/27/2026,04/28/2026,TARGET 00028215,Shopping,Sale,-52.60,
04/22/2026,04/24/2026,NETFLIX.COM,Entertainment,Sale,-17.99,
04/22/2026,04/23/2026,FOURTH STREET MARKET,Groceries,Sale,-3.48,
04/21/2026,04/22/2026,FOURTH STREET MARKET,Groceries,Sale,-1.34,
04/19/2026,04/20/2026,PELOTON APP,Entertainment,Sale,-12.99,
04/16/2026,04/18/2026,LYFT *RIDE TUE 8AM,Travel,Sale,-12.11,
04/16/2026,04/18/2026,ELM & 9TH CONVENIENCE,Groceries,Sale,-4.79,
04/16/2026,04/16/2026,AUTOMATIC PAYMENT - THANK,,Payment,329.49,
04/15/2026,04/17/2026,FOURTH STREET MARKET,Groceries,Sale,-5.35,
04/14/2026,04/16/2026,SPOTIFY USA,Entertainment,Sale,-11.99,
04/12/2026,04/14/2026,CAFE LUMEN,Food & Drink,Sale,-6.41,
03/31/2026,04/02/2026,RIVERSIDE QUICK STOP,Groceries,Sale,-5.89,
03/30/2026,03/31/2026,MINT MOBILE,Bills & Utilities,Sale,-30.00,
03/30/2026,04/02/2026,LAKEVIEW PUBLIC LIBRARY FINE,Entertainment,Sale,-4.00,
03/26/2026,03/27/2026,WENDY'S #4471,Food & Drink,Sale,-10.65,
03/22/2026,03/24/2026,NETFLIX.COM,Entertainment,Sale,-17.99,
03/19/2026,03/21/2026,PELOTON APP,Entertainment,Sale,-12.99,
03/19/2026,03/20/2026,LAKEVIEW TRANSIT AUTH,Travel,Sale,-2.75,
03/19/2026,03/21/2026,LAKEVIEW TRANSIT AUTH,Travel,Sale,-2.75,
03/16/2026,03/18/2026,CAMPUS CORNER DELI,Groceries,Sale,-7.34,
03/16/2026,03/16/2026,AUTOMATIC PAYMENT - THANK,,Payment,351.32,
03/14/2026,03/16/2026,TURBOTAX,Professional Services,Sale,-89.00,
03/14/2026,03/15/2026,SPOTIFY USA,Entertainment,Sale,-11.99,
03/13/2026,03/14/2026,LYFT *RIDE SAT 2PM,Travel,Sale,-8.67,
03/09/2026,03/11/2026,RIVERSIDE QUICK STOP,Groceries,Sale,-5.09,
03/08/2026,03/10/2026,SHELL OIL 57442,Gas,Sale,-20.71,
03/05/2026,03/06/2026,KROGER #445,Groceries,Sale,-47.80,
03/03/2026,03/04/2026,PANERA BREAD #601442,Food & Drink,Sale,-9.79,
02/28/2026,03/02/2026,WALGREENS #3310,Health & Wellness,Sale,-13.01,
02/28/2026,03/01/2026,MINT MOBILE,Bills & Utilities,Sale,-30.00,
02/28/2026,03/01/2026,LAKEVIEW TRANSIT AUTH,Travel,Sale,-2.75,
02/28/2026,03/01/2026,LAKEVIEW TRANSIT AUTH,Travel,Sale,-2.75,
02/28/2026,03/02/2026,FOURTH STREET MARKET,Groceries,Sale,-1.87,
02/25/2026,02/27/2026,BLUE LINE SNACKS,Groceries,Sale,-2.31,
02/24/2026,02/25/2026,FOURTH STREET MARKET,Groceries,Sale,-5.35,
02/22/2026,02/24/2026,NETFLIX.COM,Entertainment,Sale,-17.99,
02/21/2026,02/23/2026,GOODWILL LAKEVIEW,Shopping,Sale,-10.20,
02/20/2026,02/22/2026,ALDI 71034,Groceries,Sale,-24.38,
02/19/2026,02/20/2026,PELOTON APP,Entertainment,Sale,-12.99,
02/18/2026,02/20/2026,LAKEVIEW PHO HOUSE,Food & Drink,Sale,-18.51,
02/16/2026,02/16/2026,AUTOMATIC PAYMENT - THANK,,Payment,415.99,
02/14/2026,02/15/2026,SPOTIFY USA,Entertainment,Sale,-11.99,
02/12/2026,02/14/2026,PANERA BREAD #601442,Food & Drink,Sale,-10.62,
02/11/2026,02/13/2026,URGENT CARE OF LAKEVIEW,Health & Wellness,Sale,-148.00,
02/11/2026,02/12/2026,BANDCAMP,Entertainment,Sale,-8.08,
02/10/2026,02/13/2026,LAKEVIEW FARMERS MARKET,Groceries,Sale,-8.31,
02/09/2026,02/10/2026,STARBUCKS #22910,Food & Drink,Sale,-6.70,
02/09/2026,02/11/2026,RIVERSIDE QUICK STOP,Groceries,Sale,-6.84,
02/09/2026,02/11/2026,NORTHGATE EXPRESS MART,Groceries,Sale,-8.77,
02/08/2026,02/09/2026,SHAKE SHACK 1120,Food & Drink,Sale,-15.26,
02/06/2026,02/07/2026,WALGREENS #3310,Health & Wellness,Sale,-19.90,
02/05/2026,02/06/2026,PANERA BREAD #601442,Food & Drink,Sale,-10.48,
02/01/2026,02/03/2026,FOURTH STREET MARKET,Groceries,Sale,-5.35,
01/30/2026,02/01/2026,MINT MOBILE,Bills & Utilities,Sale,-30.00,
01/30/2026,01/31/2026,ELM & 9TH CONVENIENCE,Groceries,Sale,-6.71,
01/27/2026,01/28/2026,FOURTH STREET MARKET,Groceries,Sale,-3.48,
01/27/2026,01/30/2026,FOURTH STREET MARKET,Groceries,Sale,-1.34,
01/22/2026,01/24/2026,NETFLIX.COM,Entertainment,Sale,-17.99,
01/19/2026,01/21/2026,SUNFIRE TAQUERIA,Food & Drink,Sale,-12.92,
01/19/2026,01/21/2026,PELOTON APP,Entertainment,Sale,-12.99,
01/19/2026,01/22/2026,LYFT *RIDE MON 6PM,Travel,Sale,-9.57,
01/18/2026,01/20/2026,STARBUCKS #22910,Food & Drink,Sale,-4.45,
01/17/2026,01/20/2026,FOURTH STREET MARKET,Groceries,Sale,-1.87,
01/16/2026,01/16/2026,AUTOMATIC PAYMENT - THANK,,Payment,334.47,
01/15/2026,01/16/2026,LAKEVIEW TRANSIT AUTH,Travel,Sale,-2.75,
01/15/2026,01/16/2026,LAKEVIEW TRANSIT AUTH,Travel,Sale,-2.75,
01/14/2026,01/17/2026,SPOTIFY USA,Entertainment,Sale,-11.99,
01/14/2026,01/15/2026,RIVERSIDE QUICK STOP,Groceries,Sale,-5.00,
01/09/2026,01/11/2026,CHIPOTLE 2291,Food & Drink,Sale,-10.81,
01/06/2026,01/08/2026,LAKEVIEW REC CENTER,Entertainment,Sale,-85.00,
01/03/2026,01/05/2026,FOURTH STREET MARKET,Groceries,Sale,-5.35,
01/01/2026,01/02/2026,RIVERSIDE QUICK STOP,Groceries,Sale,-2.21,
12/30/2025,12/31/2025,MINT MOBILE,Bills & Utilities,Sale,-30.00,
12/30/2025,01/02/2026,FOURTH STREET MARKET,Groceries,Sale,-5.35,
12/30/2025,12/31/2025,FOURTH STREET MARKET,Groceries,Sale,-5.35,
12/28/2025,12/30/2025,LAKEVIEW GAS & GO,Groceries,Sale,-3.11,
12/24/2025,12/25/2025,SHELL OIL 57442,Gas,Sale,-20.71,
12/24/2025,12/26/2025,KROGER #445,Groceries,Sale,-20.11,
12/23/2025,12/24/2025,AMTRAK .COM,Travel,Sale,-128.00,
12/22/2025,12/24/2025,SUNFIRE TAQUERIA,Food & Drink,Sale,-17.71,
12/22/2025,12/23/2025,NETFLIX.COM,Entertainment,Sale,-17.99,
12/19/2025,12/21/2025,PELOTON APP,Entertainment,Sale,-12.99,
12/18/2025,12/20/2025,NORTHGATE EXPRESS MART,Groceries,Sale,-4.95,
12/17/2025,12/18/2025,ELM & 9TH CONVENIENCE,Groceries,Sale,-4.35,
12/16/2025,12/17/2025,RIVERSIDE QUICK STOP,Groceries,Sale,-5.48,
12/16/2025,12/17/2025,FOURTH STREET MARKET,Groceries,Sale,-5.62,
12/16/2025,12/16/2025,AUTOMATIC PAYMENT - THANK,,Payment,267.47,
12/14/2025,12/16/2025,SPOTIFY USA,Entertainment,Sale,-11.99,
12/13/2025,12/14/2025,RIVERSIDE QUICK STOP,Groceries,Sale,-2.71,
12/08/2025,12/10/2025,RIVERSIDE QUICK STOP,Groceries,Sale,-4.89,
12/08/2025,12/10/2025,FOURTH STREET MARKET,Groceries,Sale,-1.34,
12/06/2025,12/07/2025,ELM & 9TH CONVENIENCE,Groceries,Sale,-5.94,
12/04/2025,12/06/2025,FOURTH STREET MARKET,Groceries,Sale,-5.35,
11/30/2025,12/03/2025,MINT MOBILE,Bills & Utilities,Sale,-30.00,
11/29/2025,11/30/2025,BEST BUY 00012241,Shopping,Sale,-194.49,
11/28/2025,11/30/2025,FOURTH STREET MARKET,Groceries,Sale,-5.35,
11/25/2025,11/26/2025,RIVERSIDE QUICK STOP,Groceries,Sale,-2.98,
11/24/2025,11/25/2025,FOURTH STREET MARKET,Groceries,Sale,-5.35,
11/24/2025,11/26/2025,FOURTH STREET MARKET,Groceries,Sale,-5.35,
11/22/2025,11/24/2025,NETFLIX.COM,Entertainment,Sale,-17.99,
11/22/2025,11/23/2025,LAKEVIEW PARKING,Travel,Sale,-7.35,
11/19/2025,11/21/2025,PELOTON APP,Entertainment,Sale,-12.99,
11/19/2025,11/20/2025,LAKEVIEW FARMERS MARKET,Groceries,Sale,-16.84,
11/16/2025,11/16/2025,AUTOMATIC PAYMENT - THANK,,Payment,390.23,
11/14/2025,11/15/2025,SPOTIFY USA,Entertainment,Sale,-11.99,
11/13/2025,11/15/2025,FOURTH STREET MARKET,Groceries,Sale,-1.87,
11/10/2025,11/11/2025,LAKEVIEW FARMERS MARKET,Groceries,Sale,-13.09,
11/09/2025,11/11/2025,ELM & 9TH CONVENIENCE,Groceries,Sale,-5.92,
11/03/2025,11/05/2025,CVS MINUTECLINIC,Health & Wellness,Sale,-89.00,
11/02/2025,11/03/2025,ELM & 9TH CONVENIENCE,Groceries,Sale,-5.46,
11/01/2025,11/03/2025,LAKEVIEW PUBLIC LIBRARY FRIENDS,Entertainment,Sale,-30.00,
10/30/2025,11/01/2025,MINT MOBILE,Bills & Utilities,Sale,-30.00,
10/30/2025,10/31/2025,LYFT *RIDE SAT 2PM,Travel,Sale,-16.86,
10/24/2025,10/26/2025,RIVERSIDE QUICK STOP,Groceries,Sale,-5.56,
10/22/2025,10/23/2025,NETFLIX.COM,Entertainment,Sale,-15.49,
10/20/2025,10/21/2025,SUNFIRE TAQUERIA,Food & Drink,Sale,-12.40,
10/19/2025,10/21/2025,PELOTON APP,Entertainment,Sale,-12.99,
10/19/2025,10/20/2025,LAKEVIEW TRANSIT AUTH,Travel,Sale,-2.75,
10/19/2025,10/20/2025,LAKEVIEW TRANSIT AUTH,Travel,Sale,-2.75,
10/19/2025,10/20/2025,FOURTH STREET MARKET,Groceries,Sale,-5.35,
10/18/2025,10/20/2025,AAA ACG RENEWAL,Professional Services,Sale,-108.00,
10/16/2025,10/16/2025,AUTOMATIC PAYMENT - THANK,,Payment,278.89,
10/14/2025,10/17/2025,SPOTIFY USA,Entertainment,Sale,-11.99,
10/12/2025,10/14/2025,FOURTH STREET MARKET,Groceries,Sale,-5.35,
10/11/2025,10/12/2025,CITY MUSEUM OF ART,Entertainment,Sale,-21.00,
10/08/2025,10/11/2025,CAFE LUMEN,Food & Drink,Sale,-4.57,
10/07/2025,10/08/2025,BASIL & RYE,Food & Drink,Sale,-24.09,
10/05/2025,10/07/2025,COSTCO *ANNUAL RENEWAL,Shopping,Sale,-65.00,
10/04/2025,10/07/2025,CVS/PHARMACY #8812,Health & Wellness,Sale,-18.15,
10/02/2025,10/03/2025,RIVERSIDE QUICK STOP,Groceries,Sale,-5.25,
09/30/2025,10/01/2025,MINT MOBILE,Bills & Utilities,Sale,-30.00,
09/30/2025,10/01/2025,HULU,Entertainment,Sale,-9.99,
09/30/2025,10/01/2025,CAMPUS CORNER DELI,Groceries,Sale,-4.98,
09/28/2025,09/29/2025,BANDCAMP,Entertainment,Sale,-11.62,
09/27/2025,09/28/2025,GOODWILL LAKEVIEW,Shopping,Sale,-10.20,
09/22/2025,09/23/2025,NETFLIX.COM,Entertainment,Sale,-15.49,
09/20/2025,09/21/2025,SHELL OIL 57442,Gas,Sale,-20.71,
09/19/2025,09/20/2025,PELOTON APP,Entertainment,Sale,-12.99,
09/16/2025,09/17/2025,LAKEVIEW TRANSIT AUTH,Travel,Sale,-2.75,
09/16/2025,09/18/2025,LAKEVIEW TRANSIT AUTH,Travel,Sale,-2.75,
09/16/2025,09/16/2025,AUTOMATIC PAYMENT - THANK,,Payment,271.99,
09/15/2025,09/17/2025,RIVERSIDE QUICK STOP,Groceries,Sale,-3.93,
09/14/2025,09/16/2025,SPOTIFY USA,Entertainment,Sale,-11.99,
09/14/2025,09/15/2025,LAKEVIEW PARKING,Travel,Sale,-6.49,
09/14/2025,09/15/2025,FOURTH STREET MARKET,Groceries,Sale,-5.35,
09/13/2025,09/14/2025,RIVERSIDE QUICK STOP,Groceries,Sale,-5.26,
09/13/2025,09/16/2025,RIVERSIDE QUICK STOP,Groceries,Sale,-3.75,
09/11/2025,09/13/2025,LYFT *RIDE SAT 2PM,Travel,Sale,-16.09,
09/04/2025,09/06/2025,LAKEVIEW PARKING VIOLATIONS,Professional Services,Sale,-47.50,
09/02/2025,09/04/2025,LAKEVIEW REC CENTER,Entertainment,Sale,-85.00,
09/01/2025,09/03/2025,FOURTH STREET MARKET,Groceries,Sale,-5.35,
08/30/2025,09/01/2025,MINT MOBILE,Bills & Utilities,Sale,-30.00,
08/30/2025,08/31/2025,HULU,Entertainment,Sale,-9.99,
08/23/2025,08/26/2025,LAKEVIEW TRANSIT AUTH,Travel,Sale,-2.75,
08/23/2025,08/26/2025,LAKEVIEW TRANSIT AUTH,Travel,Sale,-2.75,
08/22/2025,08/24/2025,NETFLIX.COM,Entertainment,Sale,-15.49,
08/22/2025,08/23/2025,LAKEVIEW GAS & GO,Groceries,Sale,-8.71,
08/19/2025,08/21/2025,FOURTH STREET MARKET,Groceries,Sale,-3.48,
08/18/2025,08/19/2025,FOURTH STREET MARKET,Groceries,Sale,-6.96,
08/18/2025,08/20/2025,FOURTH STREET MARKET,Groceries,Sale,-5.35,
08/16/2025,08/16/2025,AUTOMATIC PAYMENT - THANK,,Payment,309.79,
08/14/2025,08/15/2025,SPOTIFY USA,Entertainment,Sale,-11.99,
08/14/2025,08/15/2025,RIVERSIDE QUICK STOP,Groceries,Sale,-4.39,
08/11/2025,08/13/2025,WALGREENS #3310,Health & Wellness,Sale,-10.97,
08/11/2025,08/13/2025,LAKEVIEW PUBLIC LIBRARY FINE,Entertainment,Sale,-4.00,
08/10/2025,08/12/2025,ELM & 9TH CONVENIENCE,Groceries,Sale,-5.04,
08/05/2025,08/06/2025,GOLDEN WOK,Food & Drink,Sale,-15.09,
07/31/2025,08/02/2025,TARGET 00028215,Shopping,Sale,-41.93,
07/31/2025,08/02/2025,COSTCO WHSE #1187,Groceries,Sale,-78.43,
07/30/2025,08/01/2025,MINT MOBILE,Bills & Utilities,Sale,-30.00,
07/30/2025,08/02/2025,HULU,Entertainment,Sale,-9.99,
07/22/2025,07/24/2025,NETFLIX.COM,Entertainment,Sale,-15.49,
07/22/2025,07/23/2025,BLUE LINE SNACKS,Groceries,Sale,-2.59,
07/20/2025,07/21/2025,PANERA BREAD #601442,Food & Drink,Sale,-13.54,
07/20/2025,07/21/2025,PANERA BREAD #601442,Food & Drink,Sale,-12.75,
07/19/2025,07/20/2025,ALDI 71034,Groceries,Sale,-18.38,
07/16/2025,07/16/2025,AUTOMATIC PAYMENT - THANK,,Payment,458.16,
07/14/2025,07/15/2025,SPOTIFY USA,Entertainment,Sale,-11.99,
07/13/2025,07/15/2025,DOMINO'S 5512,Food & Drink,Sale,-15.86,
07/08/2025,07/10/2025,CAFE LUMEN,Food & Drink,Sale,-4.49,
07/07/2025,07/08/2025,PANERA BREAD #601442,Food & Drink,Sale,-10.72,
07/05/2025,07/06/2025,FOURTH STREET MARKET,Groceries,Sale,-3.48,
07/04/2025,07/05/2025,SHELL OIL 57442,Gas,Sale,-20.71,
07/03/2025,07/06/2025,AMTRAK .COM,Travel,Sale,-128.00,
06/30/2025,07/02/2025,MINT MOBILE,Bills & Utilities,Sale,-30.00,
06/30/2025,07/01/2025,HULU,Entertainment,Sale,-9.99,
06/30/2025,07/02/2025,ALDI 71034,Groceries,Sale,-33.99,
06/29/2025,06/30/2025,FOURTH STREET MARKET,Groceries,Sale,-5.35,
06/24/2025,06/26/2025,FOURTH STREET MARKET,Groceries,Sale,-1.34,
06/22/2025,06/23/2025,NETFLIX.COM,Entertainment,Sale,-15.49,
06/17/2025,06/19/2025,ALDI 71034,Groceries,Sale,-14.27,
06/16/2025,06/17/2025,LAKEVIEW DENTAL GROUP,Health & Wellness,Sale,-204.00,
06/16/2025,06/16/2025,AUTOMATIC PAYMENT - THANK,,Payment,338.08,
06/14/2025,06/17/2025,SPOTIFY USA,Entertainment,Sale,-11.99,
06/14/2025,06/15/2025,RIVERSIDE QUICK STOP,Groceries,Sale,-7.26,
06/14/2025,06/16/2025,LEMONADE INSURANCE,Bills & Utilities,Sale,-12.00,
06/14/2025,06/16/2025,FOURTH STREET MARKET,Groceries,Sale,-3.48,
06/12/2025,06/13/2025,LAKEVIEW TRANSIT AUTH,Travel,Sale,-2.75,
06/12/2025,06/14/2025,LAKEVIEW TRANSIT AUTH,Travel,Sale,-2.75,
06/12/2025,06/13/2025,CAFE LUMEN,Food & Drink,Sale,-6.59,
06/08/2025,06/09/2025,CHIPOTLE 2291,Food & Drink,Sale,-14.79,
06/07/2025,06/08/2025,GOODWILL LAKEVIEW,Shopping,Sale,-10.20,
06/04/2025,06/06/2025,LAKEVIEW PARKING,Travel,Sale,-9.49,
06/01/2025,06/03/2025,TARGET 00028215,Shopping,Sale,-39.21,
05/30/2025,06/01/2025,MINT MOBILE,Bills & Utilities,Sale,-30.00,
05/30/2025,06/02/2025,HULU,Entertainment,Sale,-9.99,
05/30/2025,05/31/2025,FOURTH STREET MARKET,Groceries,Sale,-5.35,
05/28/2025,05/30/2025,AMC THEATRES #2255,Entertainment,Sale,-14.67,
05/23/2025,05/26/2025,GOLDEN WOK,Food & Drink,Sale,-16.91,
05/23/2025,05/25/2025,ALDI 71034,Groceries,Sale,-26.97,
05/22/2025,05/23/2025,NETFLIX.COM,Entertainment,Sale,-15.49,
05/16/2025,05/16/2025,AUTOMATIC PAYMENT - THANK,,Payment,314.17,
05/14/2025,05/15/2025,SPOTIFY USA,Entertainment,Sale,-11.99,
05/14/2025,05/15/2025,LEMONADE INSURANCE,Bills & Utilities,Sale,-12.00,
05/11/2025,05/13/2025,RIVERSIDE QUICK STOP,Groceries,Sale,-2.30,
05/06/2025,05/09/2025,LAKEVIEW REC CENTER,Entertainment,Sale,-85.00,
05/04/2025,05/06/2025,RIVERSIDE QUICK STOP,Groceries,Sale,-6.61,
05/03/2025,05/04/2025,IKEA COLUMBUS,Home,Sale,-118.48,
04/30/2025,05/01/2025,MINT MOBILE,Bills & Utilities,Sale,-30.00,
04/30/2025,05/02/2025,HULU,Entertainment,Sale,-9.99,
04/26/2025,04/28/2025,BASIL & RYE,Food & Drink,Sale,-26.61,
04/23/2025,04/24/2025,LAKEVIEW FARMERS MARKET,Groceries,Sale,-12.08,
04/22/2025,04/24/2025,NETFLIX.COM,Entertainment,Sale,-15.49,
04/22/2025,04/24/2025,LAKEVIEW PARKING,Travel,Sale,-7.53,
04/16/2025,04/16/2025,AUTOMATIC PAYMENT - THANK,,Payment,283.43,
04/14/2025,04/15/2025,WALGREENS #3310,Health & Wellness,Sale,-18.10,
04/14/2025,04/16/2025,SPOTIFY USA,Entertainment,Sale,-11.99,
04/14/2025,04/17/2025,LEMONADE INSURANCE,Bills & Utilities,Sale,-12.00,
04/12/2025,04/14/2025,FOURTH STREET MARKET,Groceries,Sale,-5.35,
04/09/2025,04/10/2025,TARGET 00028215,Shopping,Sale,-27.31,
04/05/2025,04/07/2025,CITY MUSEUM OF ART,Entertainment,Sale,-21.00,
04/01/2025,04/03/2025,FOURTH STREET MARKET,Groceries,Sale,-3.48,
03/31/2025,04/01/2025,ELM & 9TH CONVENIENCE,Groceries,Sale,-3.96,
03/30/2025,04/02/2025,MINT MOBILE,Bills & Utilities,Sale,-30.00,
03/30/2025,03/31/2025,HULU,Entertainment,Sale,-9.99,
03/29/2025,03/30/2025,ALDI 71034,Groceries,Sale,-30.46,
03/27/2025,03/30/2025,FOURTH STREET MARKET,Groceries,Sale,-3.48,
03/27/2025,03/29/2025,ALDI 71034,Groceries,Sale,-17.75,
03/25/2025,03/26/2025,STARBUCKS #22910,Food & Drink,Sale,-6.31,
03/24/2025,03/26/2025,ELM & 9TH CONVENIENCE,Groceries,Sale,-3.15,
03/22/2025,03/23/2025,TURBOTAX,Professional Services,Sale,-89.00,
03/22/2025,03/24/2025,NETFLIX.COM,Entertainment,Sale,-15.49,
03/21/2025,03/22/2025,FOURTH STREET MARKET,Groceries,Sale,-5.35,
03/17/2025,03/18/2025,KROGER #445,Groceries,Sale,-27.17,
03/16/2025,03/16/2025,AUTOMATIC PAYMENT - THANK,,Payment,370.82,
03/15/2025,03/16/2025,RIVERSIDE QUICK STOP,Groceries,Sale,-2.46,
03/14/2025,03/16/2025,SPOTIFY USA,Entertainment,Sale,-11.99,
03/14/2025,03/16/2025,LEMONADE INSURANCE,Bills & Utilities,Sale,-12.00,
03/12/2025,03/14/2025,LAKEVIEW PARKING VIOLATIONS,Professional Services,Sale,-47.50,
03/12/2025,03/14/2025,FOURTH STREET MARKET,Groceries,Sale,-3.48,
03/11/2025,03/14/2025,ELM & 9TH CONVENIENCE,Groceries,Sale,-7.77,
03/08/2025,03/09/2025,ELM & 9TH CONVENIENCE,Groceries,Sale,-4.90,
03/06/2025,03/07/2025,AMC THEATRES #2255,Entertainment,Sale,-14.61,
03/03/2025,03/04/2025,LAKEVIEW TRANSIT AUTH,Travel,Sale,-2.75,
03/03/2025,03/05/2025,LAKEVIEW TRANSIT AUTH,Travel,Sale,-2.75,
03/02/2025,03/04/2025,SHELL OIL 57442,Gas,Sale,-20.71,
02/28/2025,03/01/2025,MINT MOBILE,Bills & Utilities,Sale,-30.00,
02/28/2025,03/01/2025,HULU,Entertainment,Sale,-9.99,
02/28/2025,03/01/2025,FOURTH STREET MARKET,Groceries,Sale,-3.48,
02/27/2025,03/01/2025,BLUE LINE SNACKS,Groceries,Sale,-3.83,
02/26/2025,02/27/2025,GOLDEN WOK,Food & Drink,Sale,-16.20,
02/24/2025,02/26/2025,TRADER JOE'S #712,Groceries,Sale,-24.72,
02/23/2025,02/25/2025,AMC THEATRES #2255,Entertainment,Sale,-14.67,
02/22/2025,02/24/2025,NETFLIX.COM,Entertainment,Sale,-15.49,
02/21/2025,02/22/2025,FOURTH STREET MARKET,Groceries,Sale,-6.96,
02/16/2025,02/16/2025,AUTOMATIC PAYMENT - THANK,,Payment,222.67,
02/15/2025,02/16/2025,BEST BUY 00012241,Shopping,Sale,-194.49,
02/14/2025,02/15/2025,SPOTIFY USA,Entertainment,Sale,-11.99,
02/14/2025,02/17/2025,LEMONADE INSURANCE,Bills & Utilities,Sale,-12.00,
02/14/2025,02/15/2025,FOURTH STREET MARKET,Groceries,Sale,-5.35,
02/13/2025,02/15/2025,RIVERSIDE QUICK STOP,Groceries,Sale,-7.11,
02/10/2025,02/13/2025,CORNER BOOKS LAKEVIEW,Entertainment,Sale,-15.54,
02/06/2025,02/07/2025,LYFT *RIDE SAT 2PM,Travel,Sale,-12.21,
02/04/2025,02/06/2025,KROGER #445,Groceries,Sale,-39.94,
02/03/2025,02/06/2025,LAKEVIEW PUBLIC LIBRARY FINE,Entertainment,Sale,-4.00,
02/03/2025,02/04/2025,CORNER BOOKS LAKEVIEW,Entertainment,Sale,-11.11,
01/30/2025,01/31/2025,MINT MOBILE,Bills & Utilities,Sale,-30.00,
01/29/2025,01/30/2025,ELM & 9TH CONVENIENCE,Groceries,Sale,-6.76,
01/26/2025,01/28/2025,BLUE LINE SNACKS,Groceries,Sale,-4.83,
01/22/2025,01/25/2025,NETFLIX.COM,Entertainment,Sale,-15.49,
01/18/2025,01/20/2025,GOODWILL LAKEVIEW,Shopping,Sale,-10.20,
01/16/2025,01/17/2025,CAMPUS CORNER DELI,Groceries,Sale,-5.54,
01/16/2025,01/16/2025,AUTOMATIC PAYMENT - THANK,,Payment,641.28,
01/15/2025,01/18/2025,FOURTH STREET MARKET,Groceries,Sale,-5.35,
01/15/2025,01/16/2025,DOMINO'S 5512,Food & Drink,Sale,-11.43,
01/14/2025,01/16/2025,SPOTIFY USA,Entertainment,Sale,-11.99,
01/14/2025,01/15/2025,LEMONADE INSURANCE,Bills & Utilities,Sale,-12.00,
01/13/2025,01/15/2025,FOURTH STREET MARKET,Groceries,Sale,-5.35,
01/12/2025,01/14/2025,FOURTH STREET MARKET,Groceries,Sale,-5.62,
01/10/2025,01/11/2025,CAFE LUMEN,Food & Drink,Sale,-4.52,
01/07/2025,01/08/2025,LAKEVIEW REC CENTER,Entertainment,Sale,-85.00,
12/30/2024,12/31/2024,MINT MOBILE,Bills & Utilities,Sale,-30.00,
12/29/2024,12/31/2024,FOURTH STREET MARKET,Groceries,Sale,-3.48,
12/28/2024,12/30/2024,CHIPOTLE 2291,Food & Drink,Sale,-13.00,
12/22/2024,12/24/2024,NETFLIX.COM,Entertainment,Sale,-15.49,
12/20/2024,12/21/2024,RIVERSIDE QUICK STOP,Groceries,Sale,-3.70,
12/18/2024,12/19/2024,FOURTH STREET MARKET,Groceries,Sale,-5.62,
12/18/2024,12/20/2024,CAFE LUMEN,Food & Drink,Sale,-5.63,
12/16/2024,12/19/2024,KROGER #445,Groceries,Sale,-26.80,
12/16/2024,12/16/2024,AUTOMATIC PAYMENT - THANK,,Payment,261.01,
12/15/2024,12/16/2024,NORTHGATE EXPRESS MART,Groceries,Sale,-5.36,
12/15/2024,12/17/2024,AMC THEATRES #2255,Entertainment,Sale,-17.57,
12/14/2024,12/16/2024,SPOTIFY USA,Entertainment,Sale,-11.99,
12/14/2024,12/16/2024,LEMONADE INSURANCE,Bills & Utilities,Sale,-12.00,
12/13/2024,12/15/2024,AMC THEATRES #2255,Entertainment,Sale,-20.66,
12/12/2024,12/14/2024,FOURTH STREET MARKET,Groceries,Sale,-2.41,
12/11/2024,12/12/2024,NORTHGATE EXPRESS MART,Groceries,Sale,-8.97,
12/09/2024,12/11/2024,LAKEVIEW DENTAL GROUP,Health & Wellness,Sale,-308.00,
12/06/2024,12/08/2024,RIVERSIDE QUICK STOP,Groceries,Sale,-5.09,
12/05/2024,12/08/2024,FOURTH STREET MARKET,Groceries,Sale,-1.61,
11/30/2024,12/02/2024,MINT MOBILE,Bills & Utilities,Sale,-30.00,
11/27/2024,11/29/2024,SHELL OIL 57442,Gas,Sale,-20.71,
11/26/2024,11/29/2024,AMTRAK .COM,Travel,Sale,-128.00,
11/22/2024,11/24/2024,NETFLIX.COM,Entertainment,Sale,-15.49,
11/22/2024,11/24/2024,LAKEVIEW PARKING,Travel,Sale,-8.97,
11/20/2024,11/22/2024,ELM & 9TH CONVENIENCE,Groceries,Sale,-6.40,
11/16/2024,11/16/2024,AUTOMATIC PAYMENT - THANK,,Payment,363.57,
11/14/2024,11/15/2024,SPOTIFY USA,Entertainment,Sale,-11.99,
11/14/2024,11/15/2024,LEMONADE INSURANCE,Bills & Utilities,Sale,-12.00,
11/11/2024,11/12/2024,TRADER JOE'S #712,Groceries,Sale,-39.62,
11/07/2024,11/10/2024,NORTHGATE EXPRESS MART,Groceries,Sale,-7.98,
11/06/2024,11/07/2024,TARGET 00028215,Shopping,Sale,-27.97,
11/02/2024,11/03/2024,LAKEVIEW PUBLIC LIBRARY FRIENDS,Entertainment,Sale,-30.00,
10/30/2024,10/31/2024,MINT MOBILE,Bills & Utilities,Sale,-30.00,
10/27/2024,10/29/2024,KROGER #445,Groceries,Sale,-29.84,
10/27/2024,10/28/2024,FOURTH STREET MARKET,Groceries,Sale,-3.48,
10/26/2024,10/27/2024,GOODWILL LAKEVIEW,Shopping,Sale,-10.20,
10/22/2024,10/24/2024,RIVERSIDE QUICK STOP,Groceries,Sale,-6.59,
10/22/2024,10/24/2024,NETFLIX.COM,Entertainment,Sale,-15.49,
10/21/2024,10/23/2024,KROGER #445,Groceries,Sale,-35.85,
10/18/2024,10/21/2024,FOURTH STREET MARKET,Groceries,Sale,-2.41,
10/18/2024,10/20/2024,AAA ACG RENEWAL,Professional Services,Sale,-108.00,
10/16/2024,10/16/2024,AUTOMATIC PAYMENT - THANK,,Payment,367.52,
10/14/2024,10/15/2024,SPOTIFY USA,Entertainment,Sale,-11.99,
10/14/2024,10/16/2024,LEMONADE INSURANCE,Bills & Utilities,Sale,-12.00,
10/12/2024,10/13/2024,CITY MUSEUM OF ART,Entertainment,Sale,-21.00,
10/10/2024,10/12/2024,FOURTH STREET MARKET,Groceries,Sale,-5.35,
10/08/2024,10/09/2024,SUNFIRE TAQUERIA,Food & Drink,Sale,-16.53,
10/06/2024,10/08/2024,FOURTH STREET MARKET,Groceries,Sale,-5.35,
10/05/2024,10/06/2024,FOURTH STREET MARKET,Groceries,Sale,-3.48,
10/05/2024,10/06/2024,COSTCO *ANNUAL RENEWAL,Shopping,Sale,-65.00,
09/30/2024,10/01/2024,MINT MOBILE,Bills & Utilities,Sale,-30.00,
09/30/2024,10/01/2024,CORNER BOOKS LAKEVIEW,Entertainment,Sale,-21.77,
09/23/2024,09/24/2024,ALDI 71034,Groceries,Sale,-32.82,
09/22/2024,09/24/2024,NETFLIX.COM,Entertainment,Sale,-15.49,
09/20/2024,09/22/2024,RIVERSIDE QUICK STOP,Groceries,Sale,-2.30,
09/20/2024,09/22/2024,CVS/PHARMACY #8812,Health & Wellness,Sale,-10.08,
09/18/2024,09/20/2024,LAKEVIEW GAS & GO,Groceries,Sale,-8.80,
09/17/2024,09/18/2024,PANERA BREAD #601442,Food & Drink,Sale,-11.58,
09/16/2024,09/16/2024,AUTOMATIC PAYMENT - THANK,,Payment,163.41,
09/14/2024,09/16/2024,SPOTIFY USA,Entertainment,Sale,-11.99,
09/14/2024,09/17/2024,LEMONADE INSURANCE,Bills & Utilities,Sale,-12.00,
09/14/2024,09/15/2024,IKEA COLUMBUS,Home,Sale,-118.48,
09/11/2024,09/13/2024,RIVERSIDE QUICK STOP,Groceries,Sale,-7.27,
09/03/2024,09/06/2024,LAKEVIEW REC CENTER,Entertainment,Sale,-85.00,
09/01/2024,09/03/2024,FOURTH STREET MARKET,Groceries,Sale,-5.35,
09/01/2024,09/03/2024,BLUE LINE SNACKS,Groceries,Sale,-5.15,
08/30/2024,08/31/2024,MINT MOBILE,Bills & Utilities,Sale,-30.00,
08/26/2024,08/28/2024,LYFT *RIDE FRI 11PM,Travel,Sale,-14.30,
08/23/2024,08/24/2024,KROGER #445,Groceries,Sale,-42.11,
08/22/2024,08/23/2024,NETFLIX.COM,Entertainment,Sale,-15.49,
08/16/2024,08/16/2024,AUTOMATIC PAYMENT - THANK,,Payment,90.72,
08/14/2024,08/15/2024,SPOTIFY USA,Entertainment,Sale,-11.99,
08/14/2024,08/16/2024,LEMONADE INSURANCE,Bills & Utilities,Sale,-12.00,
08/13/2024,08/14/2024,FOURTH STREET MARKET,Groceries,Sale,-5.35,
08/12/2024,08/13/2024,LAKEVIEW TRANSIT AUTH,Travel,Sale,-2.75,
08/12/2024,08/13/2024,LAKEVIEW TRANSIT AUTH,Travel,Sale,-2.75,
08/11/2024,08/12/2024,LAKEVIEW FARMERS MARKET,Groceries,Sale,-17.92,
08/09/2024,08/10/2024,SHELL OIL 57442,Gas,Sale,-20.71,
08/07/2024,08/09/2024,FOURTH STREET MARKET,Groceries,Sale,-5.35,
08/01/2024,08/02/2024,FOURTH STREET MARKET,Groceries,Sale,-5.35,
07/30/2024,08/01/2024,MINT MOBILE,Bills & Utilities,Sale,-30.00,
07/30/2024,07/31/2024,FOURTH STREET MARKET,Groceries,Sale,-3.48,
07/27/2024,07/29/2024,CAFE LUMEN,Food & Drink,Sale,-7.37,
07/26/2024,07/27/2024,RIVERSIDE QUICK STOP,Groceries,Sale,-7.71,
07/22/2024,07/23/2024,NORTHGATE EXPRESS MART,Groceries,Sale,-4.69,
07/22/2024,07/23/2024,NETFLIX.COM,Entertainment,Sale,-15.49,
07/21/2024,07/23/2024,DOMINO'S 5512,Food & Drink,Sale,-10.50,
07/14/2024,07/16/2024,SPOTIFY USA,Entertainment,Sale,-11.99,
07/14/2024,07/15/2024,RIVERSIDE CINEMA,Entertainment,Sale,-12.58,
07/14/2024,07/16/2024,FOURTH STREET MARKET,Groceries,Sale,-3.48,
07/11/2024,07/12/2024,WALGREENS #3310,Health & Wellness,Sale,-12.35,
07/08/2024,07/10/2024,RIVERSIDE QUICK STOP,Groceries,Sale,-6.62,
07/08/2024,07/09/2024,BLUE LINE SNACKS,Groceries,Sale,-4.65,
07/08/2024,07/09/2024,ALDI 71034,Groceries,Sale,-33.70,
07/04/2024,07/07/2024,FOURTH STREET MARKET,Groceries,Sale,-5.35,
