alert_id,notification_id,datetime,date,card_id,merchant,amount,amount_cents,kind,issuer,subject
8b90a2a093f676fc,CREDIT_REALTIME_AUTH-8b90a2a093f676fcd0378e4d1f3bb064c50bd7186a449140ecc8d63f47ced6b1-ver3-3-8b90a2a0-93f6-3e6c-a41b-76fcd0378e4d,2026-09-11 17:52,2026-09-11,4417,FOURTH STREET MARKET,5.35,535,purchase,Chase,You made a $5.35 transaction with FOURTH STREET MARKET
92280452e8b764c0,CREDIT_REALTIME_AUTH-92280452e8b764c07536dc4102649935a4765928b171bb81580a131905e7514e-ver3-3-92280452-e8b7-3e6c-a41b-64c07536dc41,2026-09-11 12:18,2026-09-11,4417,CHIPOTLE 2291,13.42,1342,purchase,Chase,You made a $13.42 transaction with CHIPOTLE 2291
03a265c9b6a78845,CREDIT_REALTIME_AUTH-03a265c9b6a788452cc8c59cf34b3011f445d27cdfdb57397d5d816cf5b0e6fc-ver3-3-03a265c9-b6a7-3e6c-a41b-88452cc8c59c,2026-09-11 08:07,2026-09-11,8802,AMAZON.COM*2K4LT9QZ0,27.48,2748,purchase,Chase,You made a $27.48 transaction with AMAZON.COM*2K4LT9QZ0
dc7a72baa3d84062,CREDIT_REALTIME_AUTH-dc7a72baa3d84062d0aba40a0271d58665c21e89e65aaaa6c04bf80abb75f7f4-ver3-3-dc7a72ba-a3d8-3e6c-a41b-4062d0aba40a,2026-09-10 19:40,2026-09-10,4417,TRADER JOE'S #712,41.16,4116,purchase,Chase,You made a $41.16 transaction with TRADER JOE'S #712
4789c7a210a86890,CREDIT_REALTIME_AUTH-4789c7a210a8689002437e86606f5ff95d896ef38dc825d480b0f449aded1885-ver3-3-4789c7a2-10a8-3e6c-a41b-689002437e86,2026-09-10 13:05,2026-09-10,4417,LAKEVIEW TRANSIT AUTH,2.75,275,purchase,Chase,You made a $2.75 transaction with LAKEVIEW TRANSIT AUTH
e9d342f7646e417e,CREDIT_REALTIME_AUTH-e9d342f7646e417e5aee8a9e4262200213e507126afdc76b9a4c1e59be1a76fb-ver3-3-e9d342f7-646e-3e6c-a41b-417e5aee8a9e,2026-09-10 07:31,2026-09-10,4417,FOURTH STREET MARKET,3.48,348,purchase,Chase,You made a $3.48 transaction with FOURTH STREET MARKET
b93995585e037b20,CREDIT_REALTIME_AUTH-b93995585e037b2048a9bb1bb40dfdc47c2ed00ec0abd7481eda0737c41bf9cf-ver3-3-b9399558-5e03-3e6c-a41b-7b2048a9bb1b,2026-09-09 20:14,2026-09-09,4417,AMC THEATRES #2255,18.30,1830,purchase,Chase,You made a $18.30 transaction with AMC THEATRES #2255
b38deb234a08e97d,CREDIT_REALTIME_AUTH-b38deb234a08e97d63ee8852640d94fa0231c761cbd621b05e86f9c09e3084b8-ver3-3-b38deb23-4a08-3e6c-a41b-e97d63ee8852,2026-09-09 18:22,2026-09-09,4417,CHEWY.COM,32.15,3215,purchase,Chase,You made a $32.15 transaction with CHEWY.COM
be9d75918074927c,CREDIT_REALTIME_AUTH-be9d75918074927c8581bfc0b4378b47cb8a1d0606afa99dc45e89117b37eefa-ver3-3-be9d7591-8074-3e6c-a41b-927c8581bfc0,2026-09-09 12:40,2026-09-09,4417,PANERA BREAD #601442,11.87,1187,purchase,Chase,You made a $11.87 transaction with PANERA BREAD #601442
888471744398cc2d,CREDIT_REALTIME_AUTH-888471744398cc2d1a8f66f24a42544cac4276dc2cb6729b702455ceaf7514dc-ver3-3-88847174-4398-3e6c-a41b-cc2d1a8f66f2,2026-09-08 16:03,2026-09-08,4417,TARGET 00028215,-24.99,-2499,credit,Chase,A refund of $24.99 was credited to your account
e440253eb3c1dfc4,CREDIT_REALTIME_AUTH-e440253eb3c1dfc4555316916dfe79efe152af1fd7378eef023ae8dccee4bd55-ver3-3-e440253e-b3c1-3e6c-a41b-dfc455531691,2026-09-08 08:12,2026-09-08,4417,FOURTH STREET MARKET,5.35,535,purchase,Chase,You made a $5.35 transaction with FOURTH STREET MARKET
3039167367fcac14,CREDIT_REALTIME_AUTH-3039167367fcac149fefd1f99768f63e5070d2447dd9a45367550fe10299a1ee-ver3-3-30391673-67fc-3e6c-a41b-ac149fefd1f9,2026-09-07 19:55,2026-09-07,4417,KROGER #445,58.21,5821,purchase,Chase,You made a $58.21 transaction with KROGER #445
fbeeac4332c87d60,CREDIT_REALTIME_AUTH-fbeeac4332c87d6028e0b6ced9c05f7c6e09a8c6884dd746122cde5d797bcaaf-ver3-3-fbeeac43-32c8-3e6c-a41b-7d6028e0b6ce,2026-09-07 13:30,2026-09-07,4417,LYFT *RIDE SUN 1PM,14.60,1460,purchase,Chase,You made a $14.60 transaction with LYFT *RIDE SUN 1PM
dd8e23c9b6e48191,CREDIT_REALTIME_AUTH-dd8e23c9b6e48191ff545e279e73cd0250eca224deb64347b29eb9f4deb0bdc2-ver3-3-dd8e23c9-b6e4-3e6c-a41b-8191ff545e27,2026-09-07 07:44,2026-09-07,4417,FOURTH STREET MARKET,3.48,348,purchase,Chase,You made a $3.48 transaction with FOURTH STREET MARKET
ddacb19dd4b97a13,CREDIT_REALTIME_AUTH-ddacb19dd4b97a13e055e6fd432f40d4d1e59f713fda3175124304e1544aa93b-ver3-3-ddacb19d-d4b9-3e6c-a41b-7a13e055e6fd,2026-09-06 21:10,2026-09-06,8802,AMAZON PRIME*8H3TY,14.99,1499,purchase,Chase,You made a $14.99 transaction with AMAZON PRIME*8H3TY
8e85fb8cdb57b69a,CREDIT_REALTIME_AUTH-8e85fb8cdb57b69a1c8c0e7e5129c846643f39e0ab6389e0f756c6eddfb5783a-ver3-3-8e85fb8c-db57-3e6c-a41b-b69a1c8c0e7e,2026-09-06 11:26,2026-09-06,4417,CVS/PHARMACY #8812,16.73,1673,purchase,Chase,You made a $16.73 transaction with CVS/PHARMACY #8812
e57ef6401a8c7829,CREDIT_REALTIME_AUTH-e57ef6401a8c7829e577dc1a90264b3369a60192dcca3d368a7880bd2e9ed415-ver3-3-e57ef640-1a8c-3e6c-a41b-7829e577dc1a,2026-09-05 18:48,2026-09-05,4417,SUNFIRE TAQUERIA,22.10,2210,purchase,Chase,You made a $22.10 transaction with SUNFIRE TAQUERIA
d4d9fd1bc75eddc9,CREDIT_REALTIME_AUTH-d4d9fd1bc75eddc9a4db392ed6a49407bc844ae864da74a2da0d40877de634b1-ver3-3-d4d9fd1b-c75e-3e6c-a41b-ddc9a4db392e,2026-09-05 10:02,2026-09-05,8802,AMAZON.COM*9Q1MB4TX2,19.99,1999,purchase,Chase,You made a $19.99 transaction with AMAZON.COM*9Q1MB4TX2
83f963742fd34cdd,CREDIT_REALTIME_AUTH-83f963742fd34cddf898c6aff685f499109355815e22c21aa4f45ed194f2aca4-ver3-3-83f96374-2fd3-3e6c-a41b-4cddf898c6af,2026-09-04 08:15,2026-09-04,4417,FOURTH STREET MARKET,5.35,535,purchase,Chase,You made a $5.35 transaction with FOURTH STREET MARKET
44f344fb970ccf54,CREDIT_REALTIME_AUTH-44f344fb970ccf542a3acf20c835b68652cec6cf827c6207a35b30d29bba850f-ver3-3-44f344fb-970c-3e6c-a41b-cf542a3acf20,2026-09-03 12:31,2026-09-03,4417,GOLDEN WOK,15.60,1560,purchase,Chase,You made a $15.60 transaction with GOLDEN WOK
f930e6a41cc8c7f6,CREDIT_REALTIME_AUTH-f930e6a41cc8c7f6edbec3f9c0514bd96ef54594133957bd0357c721642e2c97-ver3-3-f930e6a4-1cc8-3e6c-a41b-c7f6edbec3f9,2026-09-02 08:10,2026-09-02,4417,FOURTH STREET MARKET,3.48,348,purchase,Chase,You made a $3.48 transaction with FOURTH STREET MARKET
